role_a,role_b,cosine_sim
인공지능서비스기획,인공지능서비스구현,0.8484145402908325
인공지능모델링,인공지능서비스구현,0.8451942205429077
인공지능플랫폼구축,인공지능서비스기획,0.8361262679100037
인공지능서비스기획,인공지능서비스운영관리,0.8327677845954895
인공지능모델링,인공지능학습데이터구축,0.818454384803772
인공지능서비스기획,인공지능모델링,0.8154056668281555
인공지능플랫폼구축,인공지능서비스구현,0.807399332523346
