{
  "model": "Ko-SBERT",
  "timestamp": "2026-04-03T19:26:05.098877",
  "total_samples": 282,
  "metrics": {
    "accuracy_top1": 0.1702127659574468,
    "precision_macro": 0.272522385022385,
    "recall_macro": 0.13702727117361263,
    "f1_macro": 0.1718157818263696,
    "accuracy_top3": 0.475177304964539
  },
  "confusion_matrix": [
    [
      9,
      0,
      4,
      2,
      1,
      6,
      15
    ],
    [
      2,
      11,
      0,
      0,
      13,
      0,
      15
    ],
    [
      0,
      0,
      15,
      0,
      4,
      3,
      19
    ],
    [
      5,
      4,
      2,
      6,
      6,
      1,
      12
    ],
    [
      8,
      0,
      0,
      0,
      7,
      2,
      20
    ],
    [
      0,
      0,
      0,
      0,
      0,
      0,
      0
    ],
    [
      0,
      0,
      0,
      0,
      0,
      0,
      0
    ]
  ],
  "labels": [
    "인공지능플랫폼구축",
    "인공지능서비스기획",
    "인공지능모델링",
    "인공지능서비스운영관리",
    "인공지능서비스구현",
    "인공지능학습데이터구축",
    "생성형AI엔지니어링"
  ]
}