세분류,샘플수,Ko-SBERT Precision,Ko-SBERT Recall,Ko-SBERT F1,GPT-4o Precision,GPT-4o Recall,GPT-4o F1
인공지능플랫폼구축,37,1.0,0.2432432432432432,0.391304347826087,1.0,0.5675675675675675,0.7241379310344828
인공지능서비스기획,41,1.0,0.2682926829268293,0.4230769230769231,1.0,0.951219512195122,0.975
인공지능모델링,41,1.0,0.3658536585365853,0.5357142857142857,1.0,0.7317073170731707,0.8450704225352113
인공지능서비스운영관리,36,1.0,0.1666666666666666,0.2857142857142857,1.0,0.5,0.6666666666666666
인공지능서비스구현,37,1.0,0.1891891891891892,0.3181818181818182,1.0,0.7027027027027027,0.8253968253968254
