세분류,Ko-SBERT F1,GPT-4o F1
인공지능모델링,0.5357142857142857,0.8450704225352113
인공지능서비스기획,0.4230769230769231,0.975
인공지능플랫폼구축,0.391304347826087,0.7241379310344828
인공지능서비스구현,0.3181818181818182,0.8253968253968254
인공지능서비스운영관리,0.2857142857142857,0.6666666666666666
