{
  "model": "GPT-4o-mini",
  "timestamp": "2026-04-03T19:34:43.886185",
  "total_samples": 282,
  "metrics": {
    "accuracy_top1": 0.475177304964539,
    "precision_macro": 0.3076455741580436,
    "recall_macro": 0.3836885666153959,
    "f1_macro": 0.3364264997928364,
    "accuracy_top3": 0.6453900709219859
  },
  "confusion_matrix": [
    [
      21,
      0,
      1,
      9,
      5,
      0,
      1
    ],
    [
      0,
      39,
      0,
      0,
      2,
      0,
      0
    ],
    [
      1,
      1,
      30,
      1,
      3,
      1,
      4
    ],
    [
      6,
      6,
      2,
      18,
      3,
      0,
      1
    ],
    [
      6,
      0,
      2,
      0,
      26,
      0,
      3
    ],
    [
      0,
      0,
      0,
      0,
      0,
      0,
      0
    ],
    [
      0,
      0,
      0,
      0,
      0,
      0,
      0
    ]
  ],
  "labels": [
    "인공지능플랫폼구축",
    "인공지능서비스기획",
    "인공지능모델링",
    "인공지능서비스운영관리",
    "인공지능서비스구현",
    "인공지능학습데이터구축",
    "생성형AI엔지니어링"
  ]
}